{
    "arabica": [
        {
            "foto": "images/produk/product_capuchino.jpg",
            "nama": "Cappuccino Arabica",
            "size": "500 Gram",
            "harga": "200.000",
            "link": "https://www.google.com/search?q=cappuccino+arabica&tbm=shop"
        },
        {
            "foto": "images/produk/product_espresso.jpg",
            "nama": "Pahit Arabica",
            "size": "100 Gram",
            "harga": "100.000",
            "link": "https://www.google.com/search?q=pahit+arabica&tbm=shop"
        },
        {
            "foto": "images/produk/product_latte.jpg",
            "nama": "Latte Arabica",
            "size": "150 Gram",
            "harga": "150.000",
            "link": "https://www.google.com/search?q=latte+arabica&tbm=shop"
        }
    ],
    "robusta": [
        {
            "foto": "images/produk/product_kopi_susu.jpg",
            "nama": "Kopsus Robusta",
            "size": "100 Gram",
            "harga": "500.000",
            "link": "https://www.google.com/search?q=kopi+susu+robusta&tbm=shop"
        },
        {
            "foto": "images/produk/product_latte.jpg",
            "nama": "Latte Robusta",
            "size": "150 Gram",
            "harga": "150.000",
            "link": "https://www.google.com/search?q=latte+robusta&tbm=shop"
        }
    ],
    "nonkopi": [
        {
            "foto": "https://cdn0-production-images-kly.akamaized.net/neIWC1zf2fnRi-3MA-OkwStdaQg=/0x126:780x906/800x800/filters:quality(75):strip_icc():format(webp)/kly-media-production/medias/4493489/original/057632400_1688647615-photo.jpg",
            "nama": "Milk Tea",
            "size": "100 Gram",
            "harga": "40.000",
            "link": "https://www.google.com/search?q=kopi+susu+robusta&tbm=shop"
        },
        {
            "foto": "https://www.davidlebovitz.com/wp-content/uploads/2011/06/5815766509_1667e983a2.jpg",
            "nama": "Ice Chocolate",
            "size": "150 Gram",
            "harga": "150.000",
            "link": "https://www.google.com/search?q=latte+robusta&tbm=shop"
        }
    ]
}